﻿user_id,username,email,date_joined
1,rahul62,rahul@gmail.com,01-01-2023
2,sanju26,sanju@gmail.com,15-02-2023
3,reebha59,reebha@gmail.com,20-03-2023
4,suman43,suman@gmail.com,10-04-2023
5,shubham23,shubham@gmail.com,05-05-2023
6,silpi1997,silpi@gmail.com,12-06-2023
7,vidushi09,vidushi@gmail.com,18-07-2023
8,manisha45,manisha@gmail.com,23-08-2023
9,chahak56,chahak@gmail.com,30-09-2023
10,preeti78,preeti@gmail.com,05-10-2023
11,kriti90,kriti@gmail.com,11-11-2023
12,aurav45,aurav@gmail.com,14-12-2023
13,kaushal23,kaushal@gmail.com,20-01-2024
14,gunjan45,gunjan@gmail.com,25-02-2024
15,saurav56,saurav@gmail.com,30-03-2024
16,sima12,sima@gmail.com,05-04-2024
17,mamta87,mamta@gmail.com,10-05-2024
18,ritu12,ritu@gmail.com,15-06-2024
19,kriti23,kriti@gmail.com,20-07-2024
20,rahul45,rahul@gmail.com,25-08-2024
21,kamini29,kamini29@gmail.com,01-01-2023
22,Rishi32,Rsihi32@gmail.com,02-01-2023
23,Arnav67,Arnav67@gmail.com,03-01-2023
24,Neha24,Neha24@gmail.com,04-01-2023
25,Aryan51,Aryan51@gmail.com,05-01-2023
26,Priya78,Priya78@gmail.com,06-01-2023
27,Rohan88,Rohan88@gmail.com,07-01-2023
28,Anushka55,Anushka55@gmail.com,08-01-2023
29,Yash32,Yash32@gmail.com,09-01-2023
30,Riya29,Riya29@gmail.com,10-01-2023
